,E_Cr_split_feature_1,DOC_split_feature_2,1/RT_split_feature_3,ln(t)_split_feature_4,ln(t)_linear_feature,lnWg_linear_target,slope,intercept,PearsonR(+)
0,17.269,8.0,0.166326554,3.401197382,3.401197382,4.248495242,0.36877638703388516,3.0225788254321015,0.9938960646113031
1,17.269,8.0,0.166326554,4.605170186,4.605170186,4.788324729,0.36877638703388516,3.0225788254321015,0.9938960646113031
2,17.269,8.0,0.166326554,5.298317367,5.298317367,4.976733742,0.36877638703388516,3.0225788254321015,0.9938960646113031
3,17.269,8.0,0.166326554,5.703782475,5.703782475,5.081404365,0.36877638703388516,3.0225788254321015,0.9938960646113031
4,17.269,8.0,0.166326554,5.991464547,5.991464547,5.204116571,0.36877638703388516,3.0225788254321015,0.9938960646113031
5,17.269,8.0,0.166326554,6.214608098,6.214608098,5.347583608,0.36877638703388516,3.0225788254321015,0.9938960646113031
