,E_Cr_split_feature_1,DOC_split_feature_2,1/RT_split_feature_3,ln(t)_split_feature_4,ln(t)_linear_feature,lnWg_linear_target,slope,intercept,PearsonR(+)
0,17.0882,0.0,0.146120449,4.700480366,4.700480366,4.789157022,0.3187528016770836,3.293529352937865,0.999220277330808
1,17.0882,0.0,0.146120449,6.131226489,6.131226489,5.257495372,0.3187528016770836,3.293529352937865,0.999220277330808
2,17.0882,0.0,0.146120449,6.396929655,6.396929655,5.323058758,0.3187528016770836,3.293529352937865,0.999220277330808
3,17.0882,0.0,0.146120449,6.65929392,6.65929392,5.429345629,0.3187528016770836,3.293529352937865,0.999220277330808
4,17.0882,0.0,0.146120449,6.907755279,6.907755279,5.484801083,0.3187528016770836,3.293529352937865,0.999220277330808
