,E_Cr_split_feature_1,DOC_split_feature_2,1/RT_split_feature_3,ln(t)_split_feature_4,ln(t)_linear_feature,lnWg_linear_target,slope,intercept,PearsonR(+)
0,11.81,8000.0,0.155570132,4.605170186,4.605170186,5.177279038,0.4865676228784576,3.0142466637663623,0.9825100598292119
1,11.81,8000.0,0.155570132,5.521460918,5.521460918,5.809042985,0.4865676228784576,3.0142466637663623,0.9825100598292119
2,11.81,8000.0,0.155570132,6.214608098,6.214608098,6.079704336,0.4865676228784576,3.0142466637663623,0.9825100598292119
3,11.81,8000.0,0.155570132,6.907755279,6.907755279,6.303168275,0.4865676228784576,3.0142466637663623,0.9825100598292119
