,E_Cr_split_feature_1,DOC_split_feature_2,1/RT_split_feature_3,ln(t)_split_feature_4,ln(t)_linear_feature,lnWg_linear_target,slope,intercept,PearsonR(+)
0,14.11,8000.0,0.155570132,4.605170186,4.605170186,4.864452784,0.6029218645135522,2.2037091223625485,0.9748218964024538
1,14.11,8000.0,0.155570132,5.521460918,5.521460918,5.691709893,0.6029218645135522,2.2037091223625485,0.9748218964024538
2,14.11,8000.0,0.155570132,6.214608098,6.214608098,6.017375929,0.6029218645135522,2.2037091223625485,0.9748218964024538
3,14.11,8000.0,0.155570132,6.907755279,6.907755279,6.258624984,0.6029218645135522,2.2037091223625485,0.9748218964024538
