,E_Cr_split_feature_1,DOC_split_feature_2,1/RT_split_feature_3,ln(t)_split_feature_4,ln(t)_linear_feature,lnWg_linear_target,slope,intercept,PearsonR(+)
0,11.022,0.0,0.130291987,5.298317367,5.298317367,6.234410726,0.11225862136915325,5.652384687672164,0.9635097917005835
1,11.022,0.0,0.130291987,5.991464547,5.991464547,6.336825731,0.11225862136915325,5.652384687672164,0.9635097917005835
2,11.022,0.0,0.130291987,6.396929655,6.396929655,6.398594935,0.11225862136915325,5.652384687672164,0.9635097917005835
3,11.022,0.0,0.130291987,6.684611728,6.684611728,6.381816017,0.11225862136915325,5.652384687672164,0.9635097917005835
4,11.022,0.0,0.130291987,6.907755279,6.907755279,6.421622268,0.11225862136915325,5.652384687672164,0.9635097917005835
