,E_Cr_split_feature_1,DOC_split_feature_2,1/RT_split_feature_3,ln(t)_split_feature_4,ln(t)_linear_feature,lnWg_linear_target,slope,intercept,PearsonR(+)
0,12.951,200.0,0.146120449,5.298317367,5.298317367,5.711396746,0.4118957081167031,3.520356919940096,0.9969738381804443
1,12.951,200.0,0.146120449,5.991464547,5.991464547,5.988625521,0.4118957081167031,3.520356919940096,0.9969738381804443
2,12.951,200.0,0.146120449,6.396929655,6.396929655,6.135053938,0.4118957081167031,3.520356919940096,0.9969738381804443
3,12.951,200.0,0.146120449,6.684611728,6.684611728,6.255565764,0.4118957081167031,3.520356919940096,0.9969738381804443
4,12.951,200.0,0.146120449,6.907755279,6.907755279,6.39486085,0.4118957081167031,3.520356919940096,0.9969738381804443
