,E_Cr_split_feature_1,DOC_split_feature_2,1/RT_split_feature_3,ln(t)_split_feature_4,ln(t)_linear_feature,lnWg_linear_target,slope,intercept,PearsonR(+)
0,17.0882,8000.0,0.137753018,5.298317367,5.298317367,6.433422292,0.39606087614214663,4.344737836654079,0.9988445516777978
1,17.0882,8000.0,0.137753018,5.991464547,5.991464547,6.7310181,0.39606087614214663,4.344737836654079,0.9988445516777978
2,17.0882,8000.0,0.137753018,6.396929655,6.396929655,6.89060912,0.39606087614214663,4.344737836654079,0.9988445516777978
3,17.0882,8000.0,0.137753018,6.684611728,6.684611728,6.979982913,0.39606087614214663,4.344737836654079,0.9988445516777978
4,17.0882,8000.0,0.137753018,6.907755279,6.907755279,7.077076024,0.39606087614214663,4.344737836654079,0.9988445516777978
