,E_Cr_split_feature_1,DOC_split_feature_2,1/RT_split_feature_3,ln(t)_split_feature_4,ln(t)_linear_feature,lnWg_linear_target,slope,intercept,PearsonR(+)
0,16.73,0.0,0.155570132,5.298317367,5.298317367,4.875197323,0.30142050552472954,3.300939186054868,0.9924663715004095
1,16.73,0.0,0.155570132,5.991464547,5.991464547,5.141663557,0.30142050552472954,3.300939186054868,0.9924663715004095
2,16.73,0.0,0.155570132,6.396929655,6.396929655,5.241747015,0.30142050552472954,3.300939186054868,0.9924663715004095
3,16.73,0.0,0.155570132,6.684611728,6.684611728,5.308267697,0.30142050552472954,3.300939186054868,0.9924663715004095
4,16.73,0.0,0.155570132,6.907755279,6.907755279,5.365976015,0.30142050552472954,3.300939186054868,0.9924663715004095
