,E_Cr_split_feature_1,DOC_split_feature_2,1/RT_split_feature_3,ln(t)_split_feature_4,ln(t)_linear_feature,lnWg_linear_target,slope,intercept,PearsonR(+)
0,17.0882,2000.0,0.146120449,5.298317367,5.298317367,5.602118821,0.23445699949840487,4.35902221579924,0.9941051968253195
1,17.0882,2000.0,0.146120449,5.991464547,5.991464547,5.765191103,0.23445699949840487,4.35902221579924,0.9941051968253195
2,17.0882,2000.0,0.146120449,6.396929655,6.396929655,5.865050622,0.23445699949840487,4.35902221579924,0.9941051968253195
3,17.0882,2000.0,0.146120449,6.684611728,6.684611728,5.899897354,0.23445699949840487,4.35902221579924,0.9941051968253195
4,17.0882,2000.0,0.146120449,6.907755279,6.907755279,5.996452089,0.23445699949840487,4.35902221579924,0.9941051968253195
