,E_Cr_split_feature_1,DOC_split_feature_2,1/RT_split_feature_3,ln(t)_split_feature_4,ln(t)_linear_feature,lnWg_linear_target,slope,intercept,PearsonR(+)
0,17.269,8.0,0.146120449,3.912023005,3.912023005,5.075173815,0.54420501152484,3.053908928352473,0.9823271678258909
1,17.269,8.0,0.146120449,4.605170186,4.605170186,5.645446898,0.54420501152484,3.053908928352473,0.9823271678258909
2,17.269,8.0,0.146120449,5.298317367,5.298317367,6.042632834,0.54420501152484,3.053908928352473,0.9823271678258909
3,17.269,8.0,0.146120449,5.736572297,5.736572297,6.216606101,0.54420501152484,3.053908928352473,0.9823271678258909
4,17.269,8.0,0.146120449,5.991464547,5.991464547,6.289715571,0.54420501152484,3.053908928352473,0.9823271678258909
5,17.269,8.0,0.146120449,6.214608098,6.214608098,6.336825731,0.54420501152484,3.053908928352473,0.9823271678258909
