,E_Cr_split_feature_1,DOC_split_feature_2,1/RT_split_feature_3,ln(t)_split_feature_4,ln(t)_linear_feature,lnWg_linear_target,slope,intercept,PearsonR(+)
0,27.636,200.0,0.146120449,5.298317367,5.298317367,5.475031565,0.3928371887672784,3.3852091753946714,0.9951071793742079
1,27.636,200.0,0.146120449,5.991464547,5.991464547,5.745522448,0.3928371887672784,3.3852091753946714,0.9951071793742079
2,27.636,200.0,0.146120449,6.396929655,6.396929655,5.867020312,0.3928371887672784,3.3852091753946714,0.9951071793742079
3,27.636,200.0,0.146120449,6.684611728,6.684611728,5.994263127,0.3928371887672784,3.3852091753946714,0.9951071793742079
4,27.636,200.0,0.146120449,6.907755279,6.907755279,6.13179372,0.3928371887672784,3.3852091753946714,0.9951071793742079
